129,"t","Crop Progress: Released November 30, 2020, by the National Agricultural Statistics Service (NASS), Agricultural Statistics Board, United States Department of Agriculture (USDA)."
129,"t","Subsoil Moisture Condition - Selected States: Week Ending November 29, 2020"
129,"t","[National subsoil moisture conditions for selected States are weighted based on cropland acreage]"
129,"h","","","","",""
129,"h","State","Very short","Short","Adequate","Surplus"
129,"h","","","","",""
129,"u","","(percent)","(percent)","(percent)","(percent)"
129,"d","Alabama",5,3,86,6
129,"d","Arizona",8,17,75,-
129,"d","Arkansas",2,8,74,16
129,"d","California",75,5,20,-
129,"d","Colorado",36,46,18,-
129,"d","Connecticut",2,30,68,-
129,"d","Delaware",-,-,51,49
129,"d","Florida",-,10,63,27
129,"d","Georgia",3,33,56,8
129,"d","Idaho",15,48,37,-
129,"d","Illinois",5,18,69,8
129,"d","Indiana",7,22,63,8
129,"d","Iowa",20,33,46,1
129,"d","Kansas",19,39,41,1
129,"d","Kentucky",1,11,79,9
129,"d","Louisiana",-,1,54,45
129,"d","Maine",1,10,79,10
129,"d","Maryland",-,-,46,54
129,"d","Massachusetts",2,30,68,-
129,"d","Michigan",4,11,72,13
129,"d","Minnesota",3,15,78,4
129,"d","Mississippi",2,16,67,15
129,"d","Missouri",3,19,78,-
129,"d","Montana",20,40,40,-
129,"d","Nebraska",31,40,28,1
129,"d","Nevada",20,30,50,-
129,"d","New Hampshire",73,14,13,-
129,"d","New Jersey",-,-,81,19
129,"d","New Mexico",45,44,9,2
129,"d","New York",6,15,67,12
129,"d","North Carolina",-,1,79,20
129,"d","North Dakota",27,38,33,2
129,"d","Ohio",3,13,70,14
129,"d","Oklahoma",1,49,48,2
129,"d","Oregon",40,26,33,1
129,"d","Pennsylvania",-,23,77,-
129,"d","Rhode Island",-,50,50,-
129,"d","South Carolina",-,5,69,26
129,"d","South Dakota",18,43,39,-
129,"d","Tennessee",-,14,82,4
129,"d","Texas",20,43,27,10
129,"d","Utah",32,40,28,-
129,"d","Vermont",-,10,90,-
129,"d","Virginia",-,1,86,13
129,"d","Washington",2,22,71,5
129,"d","West Virginia",13,29,53,5
129,"d","Wisconsin",2,9,80,9
129,"d","Wyoming",47,32,21,-
129,"d","",,,,
129,"d","48 States",15,28,51,6
129,"d","",,,,
129,"d","Previous week",16,30,50,4
129,"d","Previous year",5,13,67,15
129,"c",""
129,"f","-  Represents zero."
