44,"t","Crop Progress: Released November 30, 2020, by the National Agricultural Statistics Service (NASS), Agricultural Statistics Board, United States Department of Agriculture (USDA)."
44,"t","Peanuts Harvested � Selected States"
44,"t","[These 8 States harvested 96% of the 2019 peanut acreage]"
44,"h","","","","",""
44,"h","","Week ending","Week ending","Week ending",""
44,"h","","","","",""
44,"h","State","November 29,","November 22,","November 29,","2015-2019"
44,"h","","2019","2020","2020","Average"
44,"h","","","","",""
44,"u","","(percent)","(percent)","(percent)","(percent)"
44,"d","Alabama",98,96,98,96
44,"d","Florida",100,100,100,99
44,"d","Georgia",100,95,98,98
44,"d","North Carolina",94,86,92,95
44,"d","Oklahoma",97,95,95,95
44,"d","South Carolina",99,90,93,91
44,"d","Texas",90,82,90,91
44,"d","Virginia",100,95,97,100
44,"d","",,,,
44,"d","8 States",98,93,96,96
44,"c",""
