59,"t","Crop Progress: Released November 30, 2020, by the National Agricultural Statistics Service (NASS), Agricultural Statistics Board, United States Department of Agriculture (USDA)."
59,"t","Sunflowers Harvested � Selected States"
59,"t","[These 4 States harvested 86% of the 2019 sunflower acreage]"
59,"h","","","","",""
59,"h","","Week ending","Week ending","Week ending",""
59,"h","","","","",""
59,"h","State","November 29,","November 22,","November 29,","2015-2019"
59,"h","","2019","2020","2020","Average"
59,"h","","","","",""
59,"u","","(percent)","(percent)","(percent)","(percent)"
59,"d","Colorado",98,100,100,95
59,"d","Kansas",96,95,98,93
59,"d","North Dakota",48,95,98,85
59,"d","South Dakota",68,89,96,88
59,"d","",,,,
59,"d","4 States",62,92,97,87
59,"c",""
