128,"t","Crop Progress: Released November 30, 2020, by the National Agricultural Statistics Service (NASS), Agricultural Statistics Board, United States Department of Agriculture (USDA)."
128,"t","Topsoil Moisture Condition - Selected States: Week Ending November 29, 2020"
128,"t","[National topsoil moisture conditions for selected States are weighted based on cropland acreage]"
128,"h","","","","",""
128,"h","State","Very short","Short","Adequate","Surplus"
128,"h","","","","",""
128,"u","","(percent)","(percent)","(percent)","(percent)"
128,"d","Alabama",4,9,82,5
128,"d","Arizona",8,18,74,-
128,"d","Arkansas",-,5,77,18
128,"d","California",70,5,25,-
128,"d","Colorado",42,41,17,-
128,"d","Connecticut",1,2,96,1
128,"d","Delaware",-,-,48,52
128,"d","Florida",-,10,66,24
128,"d","Georgia",2,25,58,15
128,"d","Idaho",12,35,52,1
128,"d","Illinois",3,13,69,15
128,"d","Indiana",3,15,69,13
128,"d","Iowa",12,28,58,2
128,"d","Kansas",16,35,48,1
128,"d","Kentucky",1,12,75,12
128,"d","Louisiana",-,1,57,42
128,"d","Maine",1,3,90,6
128,"d","Maryland",-,6,40,54
128,"d","Massachusetts",-,3,97,-
128,"d","Michigan",2,8,75,15
128,"d","Minnesota",2,11,83,4
128,"d","Mississippi",-,20,69,11
128,"d","Missouri",2,11,85,2
128,"d","Montana",18,36,46,-
128,"d","Nebraska",24,41,34,1
128,"d","Nevada",15,20,60,5
128,"d","New Hampshire",34,45,21,-
128,"d","New Jersey",-,-,81,19
128,"d","New Mexico",36,46,15,3
128,"d","New York",4,8,81,7
128,"d","North Carolina",-,1,70,29
128,"d","North Dakota",29,40,30,1
128,"d","Ohio",2,5,65,28
128,"d","Oklahoma",3,40,53,4
128,"d","Oregon",17,25,54,4
128,"d","Pennsylvania",-,11,88,1
128,"d","Rhode Island",-,-,100,-
128,"d","South Carolina",1,5,71,23
128,"d","South Dakota",14,39,47,-
128,"d","Tennessee",-,17,73,10
128,"d","Texas",21,40,28,11
128,"d","Utah",22,59,19,-
128,"d","Vermont",-,-,67,33
128,"d","Virginia",-,2,78,20
128,"d","Washington",2,19,68,11
128,"d","West Virginia",11,26,57,6
128,"d","Wisconsin",2,8,78,12
128,"d","Wyoming",29,40,31,-
128,"d","",,,,
128,"d","48 States",13,25,55,7
128,"d","",,,,
128,"d","Previous week",14,28,54,4
128,"d","Previous year",5,12,66,17
128,"c",""
128,"f","-  Represents zero."
