15,"t","Crop Progress: Released November 30, 2020, by the National Agricultural Statistics Service (NASS), Agricultural Statistics Board, United States Department of Agriculture (USDA)."
15,"t","Winter Wheat Emerged � Selected States"
15,"t","[These 18 States planted 91% of the 2019 winter wheat acreage]"
15,"h","","","","",""
15,"h","","Week ending","Week ending","Week ending",""
15,"h","","","","",""
15,"h","State","November 29,","November 22,","November 29,","2015-2019"
15,"h","","2019","2020","2020","Average"
15,"h","","","","",""
15,"u","","(percent)","(percent)","(percent)","(percent)"
15,"d","Arkansas",88,76,89,86
15,"d","California",47,45,55,57
15,"d","Colorado",95,94,95,98
15,"d","Idaho",99,95,98,98
15,"d","Illinois",97,96,99,95
15,"d","Indiana",93,91,95,95
15,"d","Kansas",91,92,95,94
15,"d","Michigan",93,99,100,95
15,"d","Missouri",77,81,89,82
15,"d","Montana",81,94,96,92
15,"d","Nebraska",100,97,100,100
15,"d","North Carolina",70,61,74,63
15,"d","Ohio",100,100,100,97
15,"d","Oklahoma",95,92,95,95
15,"d","Oregon",88,83,89,83
15,"d","South Dakota",100,97,98,100
15,"d","Texas",78,77,80,80
15,"d","Washington",92,96,99,93
15,"d","",,,,
15,"d","18 States",89,89,92,91
15,"c",""
