67,"t","Crop Progress: Released November 30, 2020, by the National Agricultural Statistics Service (NASS), Agricultural Statistics Board, United States Department of Agriculture (USDA)."
67,"t","Winter Wheat Condition - Selected States: Week Ending November 29, 2020"
67,"t","[These 18 States planted 91% of the 2019 winter wheat acreage]"
67,"h","","","","","",""
67,"h","State","Very poor","Poor","Fair","Good","Excellent"
67,"h","","","","","",""
67,"u","","(percent)","(percent)","(percent)","(percent)","(percent)"
67,"d","Arkansas",-,4,47,40,9
67,"d","California",-,-,5,75,20
67,"d","Colorado",17,21,42,20,-
67,"d","Idaho",-,1,39,43,17
67,"d","Illinois",-,4,17,63,16
67,"d","Indiana",1,5,30,56,8
67,"d","Kansas",6,16,45,30,3
67,"d","Michigan",2,4,21,58,15
67,"d","Missouri",1,7,42,48,2
67,"d","Montana",3,7,16,60,14
67,"d","Nebraska",6,20,39,33,2
67,"d","North Carolina",1,2,20,67,10
67,"d","Ohio",1,4,26,54,15
67,"d","Oklahoma",2,10,36,51,1
67,"d","Oregon",3,17,44,27,9
67,"d","South Dakota",3,8,32,49,8
67,"d","Texas",10,24,34,22,10
67,"d","Washington",1,2,31,56,10
67,"d","",,,,,
67,"d","18 States",5,13,36,40,6
67,"d","",,,,,
67,"d","Previous week",6,15,36,37,6
67,"d","Previous year",4,10,34,41,11
67,"c",""
67,"f","-  Represents zero."
