20,"t","Crop Progress: Released November 30, 2020, by the National Agricultural Statistics Service (NASS), Agricultural Statistics Board, United States Department of Agriculture (USDA)."
20,"t","Cotton Harvested � Selected States"
20,"t","[These 15 States harvested 99% of the 2019 cotton acreage]"
20,"h","","","","",""
20,"h","","Week ending","Week ending","Week ending",""
20,"h","","","","",""
20,"h","State","November 29,","November 22,","November 29,","2015-2019"
20,"h","","2019","2020","2020","Average"
20,"h","","","","",""
20,"u","","(percent)","(percent)","(percent)","(percent)"
20,"d","Alabama",93,81,89,86
20,"d","Arizona",81,66,75,76
20,"d","Arkansas",99,99,100,99
20,"d","California",92,80,90,90
20,"d","Georgia",88,73,80,82
20,"d","Kansas",69,51,62,63
20,"d","Louisiana",100,99,100,100
20,"d","Mississippi",96,95,98,98
20,"d","Missouri",94,91,94,98
20,"d","North Carolina",92,64,74,88
20,"d","Oklahoma",80,70,79,77
20,"d","South Carolina",94,68,77,80
20,"d","Tennessee",93,90,96,95
20,"d","Texas",72,74,82,68
20,"d","Virginia",94,49,62,94
20,"d","",,,,
20,"d","15 States",82,77,84,79
20,"c",""
