130,"t","Crop Progress: Released November 30, 2020, by the National Agricultural Statistics Service (NASS), Agricultural Statistics Board, United States Department of Agriculture (USDA)."
130,"t","Days Suitable for Fieldwork - Selected States"
130,"t","[Days suitable for fieldwork are weighted based on cropland acreage]"
130,"h","","","",""
130,"h","","Week ending","Week ending","Week ending"
130,"h","","","",""
130,"h","State","November 29,","November 22,","November 29,"
130,"h","","2019","2020","2020"
130,"h","","","",""
130,"u","","(Days)","(Days)","(Days)"
130,"d","Alabama","(NA)",6.8,5.0
130,"d","Arizona",4.3,7.0,7.0
130,"d","Arkansas",2.7,6.3,4.4
130,"d","California",0.9,7.0,7.0
130,"d","Colorado","(NA)",6.8,5.7
130,"d","Connecticut","(NA)",6.0,6.0
130,"d","Delaware","(NA)",5.5,3.0
130,"d","Florida",6.8,6.6,6.5
130,"d","Georgia","(NA)",6.6,5.4
130,"d","Idaho","(NA)",2.9,4.5
130,"d","Illinois","(NA)",5.6,3.8
130,"d","Indiana","(NA)",5.4,4.2
130,"d","Iowa",3.1,6.3,4.6
130,"d","Kansas",4.2,6.4,5.4
130,"d","Kentucky","(NA)",5.4,4.7
130,"d","Louisiana",3.8,7.0,4.3
130,"d","Maine","(NA)",7.0,2.2
130,"d","Maryland","(NA)",6.0,4.0
130,"d","Massachusetts","(NA)",6.0,6.0
130,"d","Michigan","(NA)",5.5,4.2
130,"d","Minnesota",3.4,4.7,5.3
130,"d","Mississippi",2.5,6.7,4.7
130,"d","Missouri","(NA)",5.4,3.6
130,"d","Montana","(NA)",2.9,4.7
130,"d","Nebraska",3.2,6.5,5.8
130,"d","Nevada",3.6,6.2,7.0
130,"d","New Hampshire","(NA)",6.4,5.3
130,"d","New Jersey","(NA)",5.0,4.5
130,"d","New Mexico","(NA)",6.6,6.7
130,"d","New York",3.5,3.5,4.0
130,"d","North Carolina",4.0,4.9,5.1
130,"d","North Dakota",3.1,5.1,5.3
130,"d","Ohio","(NA)",4.8,3.3
130,"d","Oklahoma",4.8,6.3,5.1
130,"d","Oregon","(NA)",4.6,5.6
130,"d","Pennsylvania","(NA)",5.0,4.5
130,"d","Rhode Island","(NA)",6.0,6.0
130,"d","South Carolina","(NA)",6.2,5.4
130,"d","South Dakota",4.0,6.5,6.7
130,"d","Tennessee","(NA)",6.4,5.1
130,"d","Texas",5.8,5.6,5.7
130,"d","Utah","(NA)",7.0,7.0
130,"d","Vermont","(NA)",3.0,2.0
130,"d","Virginia","(NA)",5.9,6.2
130,"d","Washington","(NA)",5.1,3.9
130,"d","West Virginia","(NA)",6.0,5.7
130,"d","Wisconsin",3.0,5.6,5.2
130,"d","Wyoming","(NA)",6.8,5.4
130,"c",""
130,"f","(NA)  Not available."
